mode	type	object	size	path	source_commit	license_state	reuse_policy
100644	blob	a8c351fd2db2c417ea744046dea1838ae2a4276e	1578	vendor/grok-bot-0.20.0/README.md	8bb9f6a093f17189010e5f5231c8694d53ccf190	PROVENANCE_BLOCKED	reference-only; no verbatim production shipping without explicit authorization/license
100644	blob	cd3940145ceb3081aea5fab156fac6891cd2fe1b	21036	vendor/grok-bot-0.20.0/SHA256SUMS.txt	8bb9f6a093f17189010e5f5231c8694d53ccf190	PROVENANCE_BLOCKED	reference-only; no verbatim production shipping without explicit authorization/license
100644	blob	d671918a4ecb995b2388fcbbe8dfe0a1abbe056a	78504	vendor/grok-bot-0.20.0/canonical/dist/electron-dev-controls/main.cjs	8bb9f6a093f17189010e5f5231c8694d53ccf190	PROVENANCE_BLOCKED	reference-only; no verbatim production shipping without explicit authorization/license
100644	blob	53a68c94db604c01911d603f55ed85b622391ff6	8202709	vendor/grok-bot-0.20.0/canonical/dist/electron-main/main.cjs	8bb9f6a093f17189010e5f5231c8694d53ccf190	PROVENANCE_BLOCKED	reference-only; no verbatim production shipping without explicit authorization/license
100644	blob	8587a488e4ab963fbe99523205f1c7e4a045cc55	2565	vendor/grok-bot-0.20.0/canonical/dist/electron-preload/preload-dev-controls.cjs	8bb9f6a093f17189010e5f5231c8694d53ccf190	PROVENANCE_BLOCKED	reference-only; no verbatim production shipping without explicit authorization/license
100644	blob	7d8ca0450f8629289e31c0f9b89b2241720b4634	18016	vendor/grok-bot-0.20.0/canonical/dist/electron-preload/preload-vnc.cjs	8bb9f6a093f17189010e5f5231c8694d53ccf190	PROVENANCE_BLOCKED	reference-only; no verbatim production shipping without explicit authorization/license
100644	blob	cd8744ad416788ff693b3a49ebef524b004e67cd	5131	vendor/grok-bot-0.20.0/canonical/dist/electron-preload/preload-webview.cjs	8bb9f6a093f17189010e5f5231c8694d53ccf190	PROVENANCE_BLOCKED	reference-only; no verbatim production shipping without explicit authorization/license
100644	blob	237a8a1de836a46d93947ed3b7fa58ee25c45e1b	18731	vendor/grok-bot-0.20.0/canonical/dist/electron-preload/preload.cjs	8bb9f6a093f17189010e5f5231c8694d53ccf190	PROVENANCE_BLOCKED	reference-only; no verbatim production shipping without explicit authorization/license
100644	blob	267d5415d53149662d84cd11a33d22dc56e2361e	739970	vendor/grok-bot-0.20.0/canonical/dist/host/agent-isolation/agent-store-worker.cjs	8bb9f6a093f17189010e5f5231c8694d53ccf190	PROVENANCE_BLOCKED	reference-only; no verbatim production shipping without explicit authorization/license
100644	blob	0ad8703d86d1ae1d88cdaccb9f71a614e25c0e8f	742363	vendor/grok-bot-0.20.0/canonical/dist/host/agent-isolation/transcript-mirror-worker.cjs	8bb9f6a093f17189010e5f5231c8694d53ccf190	PROVENANCE_BLOCKED	reference-only; no verbatim production shipping without explicit authorization/license
100644	blob	0a4b6b3af9e4baf106b7793ef1f6342908ce4a51	1878	vendor/grok-bot-0.20.0/canonical/dist/host/extensions/box-store-sync/box-store-vacuum-worker.cjs	8bb9f6a093f17189010e5f5231c8694d53ccf190	PROVENANCE_BLOCKED	reference-only; no verbatim production shipping without explicit authorization/license
100644	blob	a24c44c06d954e8769221e209fd9df42a264357c	15168	vendor/grok-bot-0.20.0/canonical/dist/host/extensions/content-search/search-index-worker.cjs	8bb9f6a093f17189010e5f5231c8694d53ccf190	PROVENANCE_BLOCKED	reference-only; no verbatim production shipping without explicit authorization/license
100644	blob	c1e0cdbc3521746b3f8427507e1f8e7d025b894f	11875323	vendor/grok-bot-0.20.0/canonical/dist/host/host-main.cjs	8bb9f6a093f17189010e5f5231c8694d53ccf190	PROVENANCE_BLOCKED	reference-only; no verbatim production shipping without explicit authorization/license
100644	blob	cdbc74bf2fcd597ce8b703311157e7e9aa92ceeb	4025210	vendor/grok-bot-0.20.0/canonical/dist/local-exec-daemon/main.cjs	8bb9f6a093f17189010e5f5231c8694d53ccf190	PROVENANCE_BLOCKED	reference-only; no verbatim production shipping without explicit authorization/license
100644	blob	0c227a4931072a8911e0e4b577b7ff27cb5d5303	71546	vendor/grok-bot-0.20.0/canonical/dist/node-agent-coordinator/main.cjs	8bb9f6a093f17189010e5f5231c8694d53ccf190	PROVENANCE_BLOCKED	reference-only; no verbatim production shipping without explicit authorization/license
100644	blob	7d53ac2a895591c45c11296e7947fa4c4fe1c6d8	7734981	vendor/grok-bot-0.20.0/canonical/dist/renderer/assets/DefaultCode-rKKGm8Bn.js	8bb9f6a093f17189010e5f5231c8694d53ccf190	PROVENANCE_BLOCKED	reference-only; no verbatim production shipping without explicit authorization/license
100644	blob	a3613bbb1870f1151769c564c4d59b9ea43e1d47	1809	vendor/grok-bot-0.20.0/canonical/dist/renderer/assets/abnfDiagram-VRR7QNED-GmaQdRQM.js	8bb9f6a093f17189010e5f5231c8694d53ccf190	PROVENANCE_BLOCKED	reference-only; no verbatim production shipping without explicit authorization/license
100644	blob	67872d0aef8dfc5749def63b871ff4e4fca33260	17757	vendor/grok-bot-0.20.0/canonical/dist/renderer/assets/ada-CkPKuPfQ.svg	8bb9f6a093f17189010e5f5231c8694d53ccf190	PROVENANCE_BLOCKED	reference-only; no verbatim production shipping without explicit authorization/license
100644	blob	152b593200494560ebb313889478f899b88cce74	8150	vendor/grok-bot-0.20.0/canonical/dist/renderer/assets/apollo-B0sEgAUH.png	8bb9f6a093f17189010e5f5231c8694d53ccf190	PROVENANCE_BLOCKED	reference-only; no verbatim production shipping without explicit authorization/license
100644	blob	ad37c403e7f8a04c2c12e9b4e6092a7013c037b1	33135	vendor/grok-bot-0.20.0/canonical/dist/renderer/assets/app-icon-C7NKj2u7.png	8bb9f6a093f17189010e5f5231c8694d53ccf190	PROVENANCE_BLOCKED	reference-only; no verbatim production shipping without explicit authorization/license
100644	blob	af42383a7acf61a089cdfa99f8086cea96cb40bf	3426	vendor/grok-bot-0.20.0/canonical/dist/renderer/assets/arc-Cdra-WBa.js	8bb9f6a093f17189010e5f5231c8694d53ccf190	PROVENANCE_BLOCKED	reference-only; no verbatim production shipping without explicit authorization/license
100644	blob	516ea7dfc828edad2f5de5efddfe5bcd317d927a	151366	vendor/grok-bot-0.20.0/canonical/dist/renderer/assets/architectureDiagram-ZJ3FMSHR-Byo2WeXH.js	8bb9f6a093f17189010e5f5231c8694d53ccf190	PROVENANCE_BLOCKED	reference-only; no verbatim production shipping without explicit authorization/license
100644	blob	1be088694f26fc75cb39f12c05d313bf71140548	5030	vendor/grok-bot-0.20.0/canonical/dist/renderer/assets/ashby-BidvOSTU.png	8bb9f6a093f17189010e5f5231c8694d53ccf190	PROVENANCE_BLOCKED	reference-only; no verbatim production shipping without explicit authorization/license
100644	blob	8a91db7fbbc3b65cd35a13d5989a6db65f5fcee6	73556	vendor/grok-bot-0.20.0/canonical/dist/renderer/assets/blockDiagram-677ZJIJ3-CgKKTPQI.js	8bb9f6a093f17189010e5f5231c8694d53ccf190	PROVENANCE_BLOCKED	reference-only; no verbatim production shipping without explicit authorization/license
100644	blob	b9b316914717090c8b2b99ee166570e6e0ef40d6	39672	vendor/grok-bot-0.20.0/canonical/dist/renderer/assets/blue-B2n6EVGi.svg	8bb9f6a093f17189010e5f5231c8694d53ccf190	PROVENANCE_BLOCKED	reference-only; no verbatim production shipping without explicit authorization/license
100644	blob	98d23e467e37840e530d10088163c0f720a28ce9	7524	vendor/grok-bot-0.20.0/canonical/dist/renderer/assets/box-DrJB_xON.png	8bb9f6a093f17189010e5f5231c8694d53ccf190	PROVENANCE_BLOCKED	reference-only; no verbatim production shipping without explicit authorization/license
100644	blob	131fc6221e3ea92d719c45fa1c551f6aad05406d	69944	vendor/grok-bot-0.20.0/canonical/dist/renderer/assets/c4Diagram-LMCZKHZV-BtjklFf9.js	8bb9f6a093f17189010e5f5231c8694d53ccf190	PROVENANCE_BLOCKED	reference-only; no verbatim production shipping without explicit authorization/license
100644	blob	a38b23d47dc536ba35443d6ca81cbc175f3c0e83	5737	vendor/grok-bot-0.20.0/canonical/dist/renderer/assets/calendly-DYRMkyLM.svg	8bb9f6a093f17189010e5f5231c8694d53ccf190	PROVENANCE_BLOCKED	reference-only; no verbatim production shipping without explicit authorization/license
100644	blob	67466ab0eecdd82d4a838614552bd2a48be10ba7	4273	vendor/grok-bot-0.20.0/canonical/dist/renderer/assets/canva-djBDOrSx.svg	8bb9f6a093f17189010e5f5231c8694d53ccf190	PROVENANCE_BLOCKED	reference-only; no verbatim production shipping without explicit authorization/license
100644	blob	21570dc9f047d87061474c871eb9b49fae092a0d	22820	vendor/grok-bot-0.20.0/canonical/dist/renderer/assets/cerf-qgTXAGxR.svg	8bb9f6a093f17189010e5f5231c8694d53ccf190	PROVENANCE_BLOCKED	reference-only; no verbatim production shipping without explicit authorization/license
100644	blob	e0397839fd5083a7d579b48281afe99e00bdfa02	113	vendor/grok-bot-0.20.0/canonical/dist/renderer/assets/channel-WB8xaoP4.js	8bb9f6a093f17189010e5f5231c8694d53ccf190	PROVENANCE_BLOCKED	reference-only; no verbatim production shipping without explicit authorization/license
100644	blob	b0308256a630956eac5a9c4473fc50472312c055	193	vendor/grok-bot-0.20.0/canonical/dist/renderer/assets/chunk-2Q5K7J3B-sYHcZiS_.js	8bb9f6a093f17189010e5f5231c8694d53ccf190	PROVENANCE_BLOCKED	reference-only; no verbatim production shipping without explicit authorization/license
100644	blob	500d875b3ddb32916d524cf4ae906d1c20a517f5	1883	vendor/grok-bot-0.20.0/canonical/dist/renderer/assets/chunk-32BRIVSS-hBV3S8ED.js	8bb9f6a093f17189010e5f5231c8694d53ccf190	PROVENANCE_BLOCKED	reference-only; no verbatim production shipping without explicit authorization/license
100644	blob	d4635516164c182480440a915e18d7d5e99a95d6	366	vendor/grok-bot-0.20.0/canonical/dist/renderer/assets/chunk-5VM5RSS4-CiQKBB2u.js	8bb9f6a093f17189010e5f5231c8694d53ccf190	PROVENANCE_BLOCKED	reference-only; no verbatim production shipping without explicit authorization/license
100644	blob	9171891c86a7012fa6e752b7cf1976e04ddd5268	38122	vendor/grok-bot-0.20.0/canonical/dist/renderer/assets/chunk-EX3LRPZG-CQlpx4UC.js	8bb9f6a093f17189010e5f5231c8694d53ccf190	PROVENANCE_BLOCKED	reference-only; no verbatim production shipping without explicit authorization/license
100644	blob	3b01bfeb283106f3f801aad9618dd6db88e1bf7f	227	vendor/grok-bot-0.20.0/canonical/dist/renderer/assets/chunk-JWPE2WC7-Su-m7WOJ.js	8bb9f6a093f17189010e5f5231c8694d53ccf190	PROVENANCE_BLOCKED	reference-only; no verbatim production shipping without explicit authorization/license
100644	blob	f94b954a19f2a4eb3af6dca579aef6cf21c56058	15735	vendor/grok-bot-0.20.0/canonical/dist/renderer/assets/chunk-MOJQB5TN-7GCvrOzA.js	8bb9f6a093f17189010e5f5231c8694d53ccf190	PROVENANCE_BLOCKED	reference-only; no verbatim production shipping without explicit authorization/license
100644	blob	d4fa2b5ff9579ce43d0e2b887148f9b503e8f45c	7081	vendor/grok-bot-0.20.0/canonical/dist/renderer/assets/chunk-RYQCIY6F-CHCu0Xth.js	8bb9f6a093f17189010e5f5231c8694d53ccf190	PROVENANCE_BLOCKED	reference-only; no verbatim production shipping without explicit authorization/license
100644	blob	465361d4ff11714dffb79377243c81ef4430f52a	49180	vendor/grok-bot-0.20.0/canonical/dist/renderer/assets/chunk-V7JOEXUC-BU8GEHuv.js	8bb9f6a093f17189010e5f5231c8694d53ccf190	PROVENANCE_BLOCKED	reference-only; no verbatim production shipping without explicit authorization/license
100644	blob	8463c7e3f6fd955d10ee88be30795370b7e294da	506	vendor/grok-bot-0.20.0/canonical/dist/renderer/assets/chunk-VR4S4FIN-BI1Od2_Y.js	8bb9f6a093f17189010e5f5231c8694d53ccf190	PROVENANCE_BLOCKED	reference-only; no verbatim production shipping without explicit authorization/license
100644	blob	8a367046fb37ebd960b9c7776f539e25bd70848c	235	vendor/grok-bot-0.20.0/canonical/dist/renderer/assets/chunk-XXDRQBXY-DKZvfUJQ.js	8bb9f6a093f17189010e5f5231c8694d53ccf190	PROVENANCE_BLOCKED	reference-only; no verbatim production shipping without explicit authorization/license
100644	blob	1a0e2a9043744f8b25b6a70818df77c7bcbc87ed	467	vendor/grok-bot-0.20.0/canonical/dist/renderer/assets/classDiagram-OUVF2IWQ-DXeeDEF7.js	8bb9f6a093f17189010e5f5231c8694d53ccf190	PROVENANCE_BLOCKED	reference-only; no verbatim production shipping without explicit authorization/license
100644	blob	1a0e2a9043744f8b25b6a70818df77c7bcbc87ed	467	vendor/grok-bot-0.20.0/canonical/dist/renderer/assets/classDiagram-v2-EOCWNBFH-DXeeDEF7.js	8bb9f6a093f17189010e5f5231c8694d53ccf190	PROVENANCE_BLOCKED	reference-only; no verbatim production shipping without explicit authorization/license
100644	blob	e5e697d11b111bcac5ff06e0da462438c0e75c4c	13118	vendor/grok-bot-0.20.0/canonical/dist/renderer/assets/clay-CXmF7QZG.png	8bb9f6a093f17189010e5f5231c8694d53ccf190	PROVENANCE_BLOCKED	reference-only; no verbatim production shipping without explicit authorization/license
100644	blob	ea3f5d531410509725ca4ae0f463cd8d51cd580c	571490	vendor/grok-bot-0.20.0/canonical/dist/renderer/assets/compact-C8-lyxgK.js	8bb9f6a093f17189010e5f5231c8694d53ccf190	PROVENANCE_BLOCKED	reference-only; no verbatim production shipping without explicit authorization/license
100644	blob	9e42df096e6be0451ccbdd86abd0d56bf8450ec6	23695	vendor/grok-bot-0.20.0/canonical/dist/renderer/assets/connector-card-Cbe3rSk-.js	8bb9f6a093f17189010e5f5231c8694d53ccf190	PROVENANCE_BLOCKED	reference-only; no verbatim production shipping without explicit authorization/license
100644	blob	9fe480ed0e32ecd854ccd320d814fcb74ac39e88	81702	vendor/grok-bot-0.20.0/canonical/dist/renderer/assets/cose-bilkent-JH36ORCC-AITB2DKF.js	8bb9f6a093f17189010e5f5231c8694d53ccf190	PROVENANCE_BLOCKED	reference-only; no verbatim production shipping without explicit authorization/license
100644	blob	c0c9d539050bfadded4d58e78eb771cdbab621a4	124084	vendor/grok-bot-0.20.0/canonical/dist/renderer/assets/cursor-icons-16-f_W_ogc-.woff2	8bb9f6a093f17189010e5f5231c8694d53ccf190	PROVENANCE_BLOCKED	reference-only; no verbatim production shipping without explicit authorization/license
100644	blob	ece317f1345ac7be4b55b3ef9de2451968e40b8f	688128	vendor/grok-bot-0.20.0/canonical/dist/renderer/assets/cynefin-VYW2F7L2-BH25_EHR.js	8bb9f6a093f17189010e5f5231c8694d53ccf190	PROVENANCE_BLOCKED	reference-only; no verbatim production shipping without explicit authorization/license
100644	blob	6bf8abe699e27fc959fade51d8c395efedcfcef8	10097	vendor/grok-bot-0.20.0/canonical/dist/renderer/assets/cynefinDiagram-TSTJHNR4-byHnfdoO.js	8bb9f6a093f17189010e5f5231c8694d53ccf190	PROVENANCE_BLOCKED	reference-only; no verbatim production shipping without explicit authorization/license
100644	blob	6c14c5f9ad1c898e1d2a4638f12757fa396f997f	441802	vendor/grok-bot-0.20.0/canonical/dist/renderer/assets/cytoscape.esm-DH6-wILU.js	8bb9f6a093f17189010e5f5231c8694d53ccf190	PROVENANCE_BLOCKED	reference-only; no verbatim production shipping without explicit authorization/license
100644	blob	e2e9ee212ca53095f3df075c2354132a8b60d697	8567	vendor/grok-bot-0.20.0/canonical/dist/renderer/assets/dagre-VKFMJZFB-RtDtgv7l.js	8bb9f6a093f17189010e5f5231c8694d53ccf190	PROVENANCE_BLOCKED	reference-only; no verbatim production shipping without explicit authorization/license
100644	blob	1739286728af78d58f25985f2728933fc0ffca39	14342	vendor/grok-bot-0.20.0/canonical/dist/renderer/assets/databricks-NEF0SRYx.png	8bb9f6a093f17189010e5f5231c8694d53ccf190	PROVENANCE_BLOCKED	reference-only; no verbatim production shipping without explicit authorization/license
100644	blob	c0818353550590dbe0699ff56a4fd363ee475a22	4547	vendor/grok-bot-0.20.0/canonical/dist/renderer/assets/defaultLocale-C4B-KCzX.js	8bb9f6a093f17189010e5f5231c8694d53ccf190	PROVENANCE_BLOCKED	reference-only; no verbatim production shipping without explicit authorization/license
100644	blob	342525abdd7c5d92062cf1357d3549da72066575	97170	vendor/grok-bot-0.20.0/canonical/dist/renderer/assets/demo-computer-wallpaper-BO7Ye4dV.jpg	8bb9f6a093f17189010e5f5231c8694d53ccf190	PROVENANCE_BLOCKED	reference-only; no verbatim production shipping without explicit authorization/license
100644	blob	0bcd9cbfb2e43b0427d2f0e3bf78761d79a1ad54	10716	vendor/grok-bot-0.20.0/canonical/dist/renderer/assets/diagram-FQU43EPY-bquXIoaU.js	8bb9f6a093f17189010e5f5231c8694d53ccf190	PROVENANCE_BLOCKED	reference-only; no verbatim production shipping without explicit authorization/license
100644	blob	95f0277e59000c3360a51adec415b32a6ef42c09	15957	vendor/grok-bot-0.20.0/canonical/dist/renderer/assets/diagram-G47NLZAW-ByV5vxOz.js	8bb9f6a093f17189010e5f5231c8694d53ccf190	PROVENANCE_BLOCKED	reference-only; no verbatim production shipping without explicit authorization/license
100644	blob	9b49ed4779986374fda6020b3d9f56bc41b075a3	4211	vendor/grok-bot-0.20.0/canonical/dist/renderer/assets/diagram-NH7WQ7WH-Pi1pwzxt.js	8bb9f6a093f17189010e5f5231c8694d53ccf190	PROVENANCE_BLOCKED	reference-only; no verbatim production shipping without explicit authorization/license
100644	blob	4e17cb358eb3168259effc77d228a8bd4d0b490d	8334	vendor/grok-bot-0.20.0/canonical/dist/renderer/assets/diagram-OA4YK3LP-BmYBACcU.js	8bb9f6a093f17189010e5f5231c8694d53ccf190	PROVENANCE_BLOCKED	reference-only; no verbatim production shipping without explicit authorization/license
100644	blob	e4c993d0887ea4fe40a00c652ac65c14936ccae5	5925	vendor/grok-bot-0.20.0/canonical/dist/renderer/assets/diagram-WEI45ONY-SJ0NBrqo.js	8bb9f6a093f17189010e5f5231c8694d53ccf190	PROVENANCE_BLOCKED	reference-only; no verbatim production shipping without explicit authorization/license
100644	blob	bfa980948facf3ce629a6bb43e989372f3893643	13562	vendor/grok-bot-0.20.0/canonical/dist/renderer/assets/dijkstra-ByucqRsn.svg	8bb9f6a093f17189010e5f5231c8694d53ccf190	PROVENANCE_BLOCKED	reference-only; no verbatim production shipping without explicit authorization/license
100644	blob	f84cf42a01a6373060a2cd60bf70365d3170e0a4	2005	vendor/grok-bot-0.20.0/canonical/dist/renderer/assets/ebnfDiagram-CCIWWBDH-Dra5kWnv.js	8bb9f6a093f17189010e5f5231c8694d53ccf190	PROVENANCE_BLOCKED	reference-only; no verbatim production shipping without explicit authorization/license
100644	blob	ab1fa8fd86f2077486371f05fa0f9a0784214272	170339	vendor/grok-bot-0.20.0/canonical/dist/renderer/assets/emojibase-Bc-csq5x.js	8bb9f6a093f17189010e5f5231c8694d53ccf190	PROVENANCE_BLOCKED	reference-only; no verbatim production shipping without explicit authorization/license
100644	blob	a17ec8980b1169cef08020a44516a2e4e59e040e	27099	vendor/grok-bot-0.20.0/canonical/dist/renderer/assets/erDiagram-Q63AITRT-B2qQvEdM.js	8bb9f6a093f17189010e5f5231c8694d53ccf190	PROVENANCE_BLOCKED	reference-only; no verbatim production shipping without explicit authorization/license
100644	blob	7c6f4bfff9fb84a0290f5914ff8c9be8980f2092	60717	vendor/grok-bot-0.20.0/canonical/dist/renderer/assets/flowDiagram-23GEKE2U-CGL1fVxS.js	8bb9f6a093f17189010e5f5231c8694d53ccf190	PROVENANCE_BLOCKED	reference-only; no verbatim production shipping without explicit authorization/license
100644	blob	c727b72f69c4b08c1661d03a01603d03cae0cc31	69718	vendor/grok-bot-0.20.0/canonical/dist/renderer/assets/ganttDiagram-NO4QXBWP-Dc7tEpJO.js	8bb9f6a093f17189010e5f5231c8694d53ccf190	PROVENANCE_BLOCKED	reference-only; no verbatim production shipping without explicit authorization/license
100644	blob	cdb56cd934a03a6ad5cd613da8a14c9ac24f528e	29417	vendor/grok-bot-0.20.0/canonical/dist/renderer/assets/gitGraphDiagram-IHSO6WYX-CviBW3K6.js	8bb9f6a093f17189010e5f5231c8694d53ccf190	PROVENANCE_BLOCKED	reference-only; no verbatim production shipping without explicit authorization/license
100644	blob	3bee9f7074e61850cdd2e92850396253dfdefe28	23924	vendor/grok-bot-0.20.0/canonical/dist/renderer/assets/graph-BvS0Xx32.js	8bb9f6a093f17189010e5f5231c8694d53ccf190	PROVENANCE_BLOCKED	reference-only; no verbatim production shipping without explicit authorization/license
100644	blob	ebac16c6406a5e88f5e0be85767c09d54027f18b	26362	vendor/grok-bot-0.20.0/canonical/dist/renderer/assets/green-CPliirpZ.svg	8bb9f6a093f17189010e5f5231c8694d53ccf190	PROVENANCE_BLOCKED	reference-only; no verbatim production shipping without explicit authorization/license
100644	blob	ebe072d85aa3215a84618b27905eda33f253e3c5	47901	vendor/grok-bot-0.20.0/canonical/dist/renderer/assets/iamcal-CEyh6ide.js	8bb9f6a093f17189010e5f5231c8694d53ccf190	PROVENANCE_BLOCKED	reference-only; no verbatim production shipping without explicit authorization/license
100644	blob	97a05fc904c02fe77e195c9ea0654215728ea7fc	500433	vendor/grok-bot-0.20.0/canonical/dist/renderer/assets/index-Bbv9rRZD.js	8bb9f6a093f17189010e5f5231c8694d53ccf190	PROVENANCE_BLOCKED	reference-only; no verbatim production shipping without explicit authorization/license
100644	blob	f00d378a85c2aa7dc304f3c25f0a6261812dd819	5949951	vendor/grok-bot-0.20.0/canonical/dist/renderer/assets/index-CphCyQnY.js	8bb9f6a093f17189010e5f5231c8694d53ccf190	PROVENANCE_BLOCKED	reference-only; no verbatim production shipping without explicit authorization/license
100644	blob	60e398c19587b9c3618238742f3a27881a560f7e	942131	vendor/grok-bot-0.20.0/canonical/dist/renderer/assets/index-DHPde1ih.js	8bb9f6a093f17189010e5f5231c8694d53ccf190	PROVENANCE_BLOCKED	reference-only; no verbatim production shipping without explicit authorization/license
100644	blob	5bee817733dcfc83da86ddbe3bee295b403cbaaf	544329	vendor/grok-bot-0.20.0/canonical/dist/renderer/assets/index-DTIy1z2L.css	8bb9f6a093f17189010e5f5231c8694d53ccf190	PROVENANCE_BLOCKED	reference-only; no verbatim production shipping without explicit authorization/license
100644	blob	e55307fd5d092daa27285d254f08e8d654b41c62	56011	vendor/grok-bot-0.20.0/canonical/dist/renderer/assets/index-SAS0YhHx.js	8bb9f6a093f17189010e5f5231c8694d53ccf190	PROVENANCE_BLOCKED	reference-only; no verbatim production shipping without explicit authorization/license
100644	blob	f66ce3a5c5cf94b23c8c79f91d7633b817bc807d	51318	vendor/grok-bot-0.20.0/canonical/dist/renderer/assets/index-d9mfdYoh.js	8bb9f6a093f17189010e5f5231c8694d53ccf190	PROVENANCE_BLOCKED	reference-only; no verbatim production shipping without explicit authorization/license
100644	blob	6801300d1c89d6a761851a282fb72caac7a57721	587	vendor/grok-bot-0.20.0/canonical/dist/renderer/assets/infoDiagram-FWYZ7A6U-DNjWs1wf.js	8bb9f6a093f17189010e5f5231c8694d53ccf190	PROVENANCE_BLOCKED	reference-only; no verbatim production shipping without explicit authorization/license
100644	blob	d44de94168e3af7f023afd933dae034f6a369d97	147	vendor/grok-bot-0.20.0/canonical/dist/renderer/assets/init-Gi6I4Gst.js	8bb9f6a093f17189010e5f5231c8694d53ccf190	PROVENANCE_BLOCKED	reference-only; no verbatim production shipping without explicit authorization/license
100644	blob	6587962c19e872e3d39370624d248c593b63307e	17470	vendor/grok-bot-0.20.0/canonical/dist/renderer/assets/ishikawaDiagram-FXEZZL3T-B2f5s3tO.js	8bb9f6a093f17189010e5f5231c8694d53ccf190	PROVENANCE_BLOCKED	reference-only; no verbatim production shipping without explicit authorization/license
100644	blob	3e672bd6d30f9ffe8e1f9b5131f62f8f452a0d36	23570	vendor/grok-bot-0.20.0/canonical/dist/renderer/assets/journeyDiagram-5HDEW3XC-BDodXlVD.js	8bb9f6a093f17189010e5f5231c8694d53ccf190	PROVENANCE_BLOCKED	reference-only; no verbatim production shipping without explicit authorization/license
100644	blob	3bcdc82f8494cf37777a7396118a0e4f35898faa	20295	vendor/grok-bot-0.20.0/canonical/dist/renderer/assets/kanban-definition-HUTT4EX6-DaFyt0Bz.js	8bb9f6a093f17189010e5f5231c8694d53ccf190	PROVENANCE_BLOCKED	reference-only; no verbatim production shipping without explicit authorization/license
100644	blob	f55cd0444115b933e99a1c585d3892eda9c1b2bc	259053	vendor/grok-bot-0.20.0/canonical/dist/renderer/assets/katex-DHMw6HUq.js	8bb9f6a093f17189010e5f5231c8694d53ccf190	PROVENANCE_BLOCKED	reference-only; no verbatim production shipping without explicit authorization/license
100644	blob	4aea8a9ead8b092c2b81b91ea4e8afd71df21ffc	30997	vendor/grok-bot-0.20.0/canonical/dist/renderer/assets/layout-D4ui-CWC.js	8bb9f6a093f17189010e5f5231c8694d53ccf190	PROVENANCE_BLOCKED	reference-only; no verbatim production shipping without explicit authorization/license
100644	blob	c0e18032c1604b2d8ba0907b7d4c4957ade62444	5661	vendor/grok-bot-0.20.0/canonical/dist/renderer/assets/linear-BakibHjC.js	8bb9f6a093f17189010e5f5231c8694d53ccf190	PROVENANCE_BLOCKED	reference-only; no verbatim production shipping without explicit authorization/license
100644	blob	1d5c72a28ca6a8c3551b1a7c948b60a2d0f8dcd1	12584	vendor/grok-bot-0.20.0/canonical/dist/renderer/assets/liskov-Dv8NTl2H.svg	8bb9f6a093f17189010e5f5231c8694d53ccf190	PROVENANCE_BLOCKED	reference-only; no verbatim production shipping without explicit authorization/license
100644	blob	111c5df41b378d12097365e63c96063237125b6b	5487	vendor/grok-bot-0.20.0/canonical/dist/renderer/assets/mailchimp-AFHOmIeb.svg	8bb9f6a093f17189010e5f5231c8694d53ccf190	PROVENANCE_BLOCKED	reference-only; no verbatim production shipping without explicit authorization/license
100644	blob	70e2a4da862cc8177f1a593e91a01c2bea6bbae6	5070	vendor/grok-bot-0.20.0/canonical/dist/renderer/assets/map-7eTsl7HP.js	8bb9f6a093f17189010e5f5231c8694d53ccf190	PROVENANCE_BLOCKED	reference-only; no verbatim production shipping without explicit authorization/license
100644	blob	f6cd780f5985555205f9c03d63351917e8082ba9	16446	vendor/grok-bot-0.20.0/canonical/dist/renderer/assets/matsumoto-BhfXuVQX.svg	8bb9f6a093f17189010e5f5231c8694d53ccf190	PROVENANCE_BLOCKED	reference-only; no verbatim production shipping without explicit authorization/license
100644	blob	7de51109ece1041c60a62ce0e77aca4db36b8d40	617807	vendor/grok-bot-0.20.0/canonical/dist/renderer/assets/mermaid.core-CIQNzUMj.js	8bb9f6a093f17189010e5f5231c8694d53ccf190	PROVENANCE_BLOCKED	reference-only; no verbatim production shipping without explicit authorization/license
100644	blob	80e6f0808861149704ab2a2f3117dc0136823411	5892	vendor/grok-bot-0.20.0/canonical/dist/renderer/assets/messages-ByIkiGdI.js	8bb9f6a093f17189010e5f5231c8694d53ccf190	PROVENANCE_BLOCKED	reference-only; no verbatim production shipping without explicit authorization/license
100644	blob	631b7fb8d5c3149634b627abba092221b7464ecb	23452	vendor/grok-bot-0.20.0/canonical/dist/renderer/assets/mindmap-definition-LN4V7U3C-CvX-TtOk.js	8bb9f6a093f17189010e5f5231c8694d53ccf190	PROVENANCE_BLOCKED	reference-only; no verbatim production shipping without explicit authorization/license
100644	blob	628219eeeb159fb99d3870895272ae87206bf5e0	8968	vendor/grok-bot-0.20.0/canonical/dist/renderer/assets/nooks-Da6AC940.png	8bb9f6a093f17189010e5f5231c8694d53ccf190	PROVENANCE_BLOCKED	reference-only; no verbatim production shipping without explicit authorization/license
100644	blob	864f66609130bcd60e0a97d857c30d64ee7e076b	1189	vendor/grok-bot-0.20.0/canonical/dist/renderer/assets/ordinal-BENe2yWM.js	8bb9f6a093f17189010e5f5231c8694d53ccf190	PROVENANCE_BLOCKED	reference-only; no verbatim production shipping without explicit authorization/license
100644	blob	899f6d6de9b15eb248423900ea0d4f666a3e8421	400164	vendor/grok-bot-0.20.0/canonical/dist/renderer/assets/pdf-WLgSwHwh.js	8bb9f6a093f17189010e5f5231c8694d53ccf190	PROVENANCE_BLOCKED	reference-only; no verbatim production shipping without explicit authorization/license
100644	blob	0850e222af7c1b7b9961be1331146b876445a544	1046214	vendor/grok-bot-0.20.0/canonical/dist/renderer/assets/pdf.worker.min-qwK7q_zL.mjs	8bb9f6a093f17189010e5f5231c8694d53ccf190	PROVENANCE_BLOCKED	reference-only; no verbatim production shipping without explicit authorization/license
100644	blob	88f524057e9691eb509e880e973d2e7650449171	1956	vendor/grok-bot-0.20.0/canonical/dist/renderer/assets/pegDiagram-2B236MQR-DjGMM_HJ.js	8bb9f6a093f17189010e5f5231c8694d53ccf190	PROVENANCE_BLOCKED	reference-only; no verbatim production shipping without explicit authorization/license
100644	blob	efd935db1b45311400693fd731e6a1bc4ba1d804	6293	vendor/grok-bot-0.20.0/canonical/dist/renderer/assets/pieDiagram-ENE6RG2P-DQbOi0HP.js	8bb9f6a093f17189010e5f5231c8694d53ccf190	PROVENANCE_BLOCKED	reference-only; no verbatim production shipping without explicit authorization/license
100644	blob	441fa88b822dcb0667df691d1be7960a152b6494	34010	vendor/grok-bot-0.20.0/canonical/dist/renderer/assets/quadrantDiagram-ABIIQ3AL-iaQZxE66.js	8bb9f6a093f17189010e5f5231c8694d53ccf190	PROVENANCE_BLOCKED	reference-only; no verbatim production shipping without explicit authorization/license
100644	blob	80720588cbdbf01fcfc8ae27fc99faf4af472e2a	8460	vendor/grok-bot-0.20.0/canonical/dist/renderer/assets/quickbooks-N88wePET.png	8bb9f6a093f17189010e5f5231c8694d53ccf190	PROVENANCE_BLOCKED	reference-only; no verbatim production shipping without explicit authorization/license
100644	blob	e7fe9e973c6c333b175dc150bd8a2b5948d64a8b	1606	vendor/grok-bot-0.20.0/canonical/dist/renderer/assets/railroadDiagram-RFXS5EU6-CRQdLXH-.js	8bb9f6a093f17189010e5f5231c8694d53ccf190	PROVENANCE_BLOCKED	reference-only; no verbatim production shipping without explicit authorization/license
100644	blob	7647093bc23a181c8d34993230dfdb9e5c279524	42720	vendor/grok-bot-0.20.0/canonical/dist/renderer/assets/red-DBxWh2u2.svg	8bb9f6a093f17189010e5f5231c8694d53ccf190	PROVENANCE_BLOCKED	reference-only; no verbatim production shipping without explicit authorization/license
100644	blob	da89bea93227815414cd7facb5366681e628b4a6	31002	vendor/grok-bot-0.20.0/canonical/dist/renderer/assets/requirementDiagram-TGXJPOKE-DohZC0zT.js	8bb9f6a093f17189010e5f5231c8694d53ccf190	PROVENANCE_BLOCKED	reference-only; no verbatim production shipping without explicit authorization/license
100644	blob	94f61e7f28e1c437ea34ebd5e57a12a4361bb341	4570	vendor/grok-bot-0.20.0/canonical/dist/renderer/assets/rippling-cz7o1jpc.png	8bb9f6a093f17189010e5f5231c8694d53ccf190	PROVENANCE_BLOCKED	reference-only; no verbatim production shipping without explicit authorization/license
100644	blob	fc5fd91a196e7c76e09303357caa15519c6b1785	12673	vendor/grok-bot-0.20.0/canonical/dist/renderer/assets/salesforce-DuGcPENR.svg	8bb9f6a093f17189010e5f5231c8694d53ccf190	PROVENANCE_BLOCKED	reference-only; no verbatim production shipping without explicit authorization/license
100644	blob	30f82582fed1dafc4fdb3d22a1b0ac19f5a729c2	23199	vendor/grok-bot-0.20.0/canonical/dist/renderer/assets/sankeyDiagram-HTMAVEWB-Cg3Mn3ZB.js	8bb9f6a093f17189010e5f5231c8694d53ccf190	PROVENANCE_BLOCKED	reference-only; no verbatim production shipping without explicit authorization/license
100644	blob	ab83ebd2e6fb8f93d5313cb354da6a66a052a8b9	2703	vendor/grok-bot-0.20.0/canonical/dist/renderer/assets/scroll-pane-CIBX4DSV.js	8bb9f6a093f17189010e5f5231c8694d53ccf190	PROVENANCE_BLOCKED	reference-only; no verbatim production shipping without explicit authorization/license
100644	blob	70b164353c93c2abe8f9312ec7afc729ca0a8c1f	116967	vendor/grok-bot-0.20.0/canonical/dist/renderer/assets/sequenceDiagram-DBY2YBRQ-B3SkytJX.js	8bb9f6a093f17189010e5f5231c8694d53ccf190	PROVENANCE_BLOCKED	reference-only; no verbatim production shipping without explicit authorization/license
100644	blob	9fb0406e405a0fdc4788ff0b39f5821451694eb6	936	vendor/grok-bot-0.20.0/canonical/dist/renderer/assets/sizeCapture-X5ZJPWSS-C5HFlKS1.js	8bb9f6a093f17189010e5f5231c8694d53ccf190	PROVENANCE_BLOCKED	reference-only; no verbatim production shipping without explicit authorization/license
100644	blob	cf4c03d00e3fddf625c4293ab0503c00d92b9b18	12293	vendor/grok-bot-0.20.0/canonical/dist/renderer/assets/snowflake-B53K53W6.png	8bb9f6a093f17189010e5f5231c8694d53ccf190	PROVENANCE_BLOCKED	reference-only; no verbatim production shipping without explicit authorization/license
100644	blob	9aeacedd924142c0a3a441481fa7672b07e13a35	10423	vendor/grok-bot-0.20.0/canonical/dist/renderer/assets/stateDiagram-2N3HPSRC-BXP10sOs.js	8bb9f6a093f17189010e5f5231c8694d53ccf190	PROVENANCE_BLOCKED	reference-only; no verbatim production shipping without explicit authorization/license
100644	blob	1fc98200088654f3b5de91e8abedf1eb766f8552	428	vendor/grok-bot-0.20.0/canonical/dist/renderer/assets/stateDiagram-v2-6OUMAXLB-Bt4vdONd.js	8bb9f6a093f17189010e5f5231c8694d53ccf190	PROVENANCE_BLOCKED	reference-only; no verbatim production shipping without explicit authorization/license
100644	blob	b4a85cd476c5d51d6c0671ee01fd4c78e3769a47	118814	vendor/grok-bot-0.20.0/canonical/dist/renderer/assets/swimlanes-5IMT3BWC-Dh0b8YII.js	8bb9f6a093f17189010e5f5231c8694d53ccf190	PROVENANCE_BLOCKED	reference-only; no verbatim production shipping without explicit authorization/license
100644	blob	4e2f2fdf8cc674b830a5ded2f6c43c365333f8ec	548	vendor/grok-bot-0.20.0/canonical/dist/renderer/assets/swimlanesDiagram-G3AALYLV-oPgDIVfX.js	8bb9f6a093f17189010e5f5231c8694d53ccf190	PROVENANCE_BLOCKED	reference-only; no verbatim production shipping without explicit authorization/license
100644	blob	277289e3593c18c5e9b08d92d9e1d34565da886a	4823	vendor/grok-bot-0.20.0/canonical/dist/renderer/assets/tableau-DMgl1MR0.png	8bb9f6a093f17189010e5f5231c8694d53ccf190	PROVENANCE_BLOCKED	reference-only; no verbatim production shipping without explicit authorization/license
100644	blob	64cf243e2f876ff833b496a050ada6d98440bb9f	30835	vendor/grok-bot-0.20.0/canonical/dist/renderer/assets/timeline-definition-FHXFAJF6-pe4nC_zw.js	8bb9f6a093f17189010e5f5231c8694d53ccf190	PROVENANCE_BLOCKED	reference-only; no verbatim production shipping without explicit authorization/license
100644	blob	998a494a27bc0a8270d53df66c6f193470c8ce5b	41964	vendor/grok-bot-0.20.0/canonical/dist/renderer/assets/vennDiagram-L72KCM5P-UkW5sSzv.js	8bb9f6a093f17189010e5f5231c8694d53ccf190	PROVENANCE_BLOCKED	reference-only; no verbatim production shipping without explicit authorization/license
100644	blob	3e1902616a067400bd4f471896ec4b42678f7f67	12623	vendor/grok-bot-0.20.0/canonical/dist/renderer/assets/view-BBlgMUS1.js	8bb9f6a093f17189010e5f5231c8694d53ccf190	PROVENANCE_BLOCKED	reference-only; no verbatim production shipping without explicit authorization/license
100644	blob	de6a7dff335345a67fe822b281545c2e74ef5652	303	vendor/grok-bot-0.20.0/canonical/dist/renderer/assets/view-BUvrfHzx.js	8bb9f6a093f17189010e5f5231c8694d53ccf190	PROVENANCE_BLOCKED	reference-only; no verbatim production shipping without explicit authorization/license
100644	blob	c68ca2939af3e1baeea54aa358936a37803c37b4	2815	vendor/grok-bot-0.20.0/canonical/dist/renderer/assets/view-BWdLeqVl.js	8bb9f6a093f17189010e5f5231c8694d53ccf190	PROVENANCE_BLOCKED	reference-only; no verbatim production shipping without explicit authorization/license
100644	blob	beafc52a4abff74bcea3e4038083693bf6786b0c	6706	vendor/grok-bot-0.20.0/canonical/dist/renderer/assets/view-Be_tEnHY.js	8bb9f6a093f17189010e5f5231c8694d53ccf190	PROVENANCE_BLOCKED	reference-only; no verbatim production shipping without explicit authorization/license
100644	blob	431a0c5fca1fe674b93476ab351ac988366fe3ba	6656	vendor/grok-bot-0.20.0/canonical/dist/renderer/assets/view-BgDTdV0x.js	8bb9f6a093f17189010e5f5231c8694d53ccf190	PROVENANCE_BLOCKED	reference-only; no verbatim production shipping without explicit authorization/license
100644	blob	d5c903097ea87a61be585ddf6d1135afefd8a761	3801	vendor/grok-bot-0.20.0/canonical/dist/renderer/assets/view-BgFMehMb.js	8bb9f6a093f17189010e5f5231c8694d53ccf190	PROVENANCE_BLOCKED	reference-only; no verbatim production shipping without explicit authorization/license
100644	blob	89c73d71d440b48bb07b4532c03fac24329153bb	5635	vendor/grok-bot-0.20.0/canonical/dist/renderer/assets/view-BpihavWr.js	8bb9f6a093f17189010e5f5231c8694d53ccf190	PROVENANCE_BLOCKED	reference-only; no verbatim production shipping without explicit authorization/license
100644	blob	65cc69470265f0c640a34705fedeba0302c3e242	343	vendor/grok-bot-0.20.0/canonical/dist/renderer/assets/view-Bun6yIIa.js	8bb9f6a093f17189010e5f5231c8694d53ccf190	PROVENANCE_BLOCKED	reference-only; no verbatim production shipping without explicit authorization/license
100644	blob	03f5458dbfffddcf48159042c326e85c04f585bf	12535	vendor/grok-bot-0.20.0/canonical/dist/renderer/assets/view-C1DwxfIW.js	8bb9f6a093f17189010e5f5231c8694d53ccf190	PROVENANCE_BLOCKED	reference-only; no verbatim production shipping without explicit authorization/license
100644	blob	10e3c3c98154fea1de789f7fce3825be21fae3d4	218	vendor/grok-bot-0.20.0/canonical/dist/renderer/assets/view-CKem-ya0.js	8bb9f6a093f17189010e5f5231c8694d53ccf190	PROVENANCE_BLOCKED	reference-only; no verbatim production shipping without explicit authorization/license
100644	blob	447cc24881278c9ad169962e6321dc85b837aa1b	1744	vendor/grok-bot-0.20.0/canonical/dist/renderer/assets/view-CcGb8vV8.js	8bb9f6a093f17189010e5f5231c8694d53ccf190	PROVENANCE_BLOCKED	reference-only; no verbatim production shipping without explicit authorization/license
100644	blob	163de66ab31555513735ddc537f26d32a87ed172	1240	vendor/grok-bot-0.20.0/canonical/dist/renderer/assets/view-CfjHWvgM.js	8bb9f6a093f17189010e5f5231c8694d53ccf190	PROVENANCE_BLOCKED	reference-only; no verbatim production shipping without explicit authorization/license
100644	blob	5a75e6fdce5578d76cd74d256eb3e4274f6aac83	7193	vendor/grok-bot-0.20.0/canonical/dist/renderer/assets/view-CgXZHh4j.js	8bb9f6a093f17189010e5f5231c8694d53ccf190	PROVENANCE_BLOCKED	reference-only; no verbatim production shipping without explicit authorization/license
100644	blob	0ad17636484fcdae2cec78448f7f731f2365d270	47	vendor/grok-bot-0.20.0/canonical/dist/renderer/assets/view-ChG-6rmU.js	8bb9f6a093f17189010e5f5231c8694d53ccf190	PROVENANCE_BLOCKED	reference-only; no verbatim production shipping without explicit authorization/license
100644	blob	17bdb71e61a5b48c11d0dd65aff4a1e3f6c00b02	12384	vendor/grok-bot-0.20.0/canonical/dist/renderer/assets/view-D3guxqw5.js	8bb9f6a093f17189010e5f5231c8694d53ccf190	PROVENANCE_BLOCKED	reference-only; no verbatim production shipping without explicit authorization/license
100644	blob	d3541d8e9f8be181c47d4cef7c08e9c14cf575ff	1373	vendor/grok-bot-0.20.0/canonical/dist/renderer/assets/view-D7LDPFIV.js	8bb9f6a093f17189010e5f5231c8694d53ccf190	PROVENANCE_BLOCKED	reference-only; no verbatim production shipping without explicit authorization/license
100644	blob	2054975fb0ffc366b93b8f5276b1113372484283	218	vendor/grok-bot-0.20.0/canonical/dist/renderer/assets/view-DE6rtklT.js	8bb9f6a093f17189010e5f5231c8694d53ccf190	PROVENANCE_BLOCKED	reference-only; no verbatim production shipping without explicit authorization/license
100644	blob	f05e64b54bc390dddb39e5fab98f22d33074c962	6138	vendor/grok-bot-0.20.0/canonical/dist/renderer/assets/view-D_7g5htn.js	8bb9f6a093f17189010e5f5231c8694d53ccf190	PROVENANCE_BLOCKED	reference-only; no verbatim production shipping without explicit authorization/license
100644	blob	2bdc275eb58fd0930f5e79717075e5b08182d2ad	16528	vendor/grok-bot-0.20.0/canonical/dist/renderer/assets/view-DfAcXSTO.js	8bb9f6a093f17189010e5f5231c8694d53ccf190	PROVENANCE_BLOCKED	reference-only; no verbatim production shipping without explicit authorization/license
100644	blob	73e37983b677d4778c15ade7f265a1648564a72b	42897	vendor/grok-bot-0.20.0/canonical/dist/renderer/assets/view-DgpL9AMf.js	8bb9f6a093f17189010e5f5231c8694d53ccf190	PROVENANCE_BLOCKED	reference-only; no verbatim production shipping without explicit authorization/license
100644	blob	d9dee2dc20b048c78340798be1e4fd2aa2a6c4fb	977	vendor/grok-bot-0.20.0/canonical/dist/renderer/assets/view-DioiWs72.js	8bb9f6a093f17189010e5f5231c8694d53ccf190	PROVENANCE_BLOCKED	reference-only; no verbatim production shipping without explicit authorization/license
100644	blob	e2a69cb3ea987a3e95064164d5165a1cc67bec61	495	vendor/grok-bot-0.20.0/canonical/dist/renderer/assets/view-Kr4G14ud.js	8bb9f6a093f17189010e5f5231c8694d53ccf190	PROVENANCE_BLOCKED	reference-only; no verbatim production shipping without explicit authorization/license
100644	blob	eb715a2d986b89f5bd46f214e4a24529c239fb31	107493	vendor/grok-bot-0.20.0/canonical/dist/renderer/assets/view-TY6K_pbq.js	8bb9f6a093f17189010e5f5231c8694d53ccf190	PROVENANCE_BLOCKED	reference-only; no verbatim production shipping without explicit authorization/license
100644	blob	72c2c63aa24f57db5812cab7e605367a85c6152d	940	vendor/grok-bot-0.20.0/canonical/dist/renderer/assets/view-fqDgrBCr.js	8bb9f6a093f17189010e5f5231c8694d53ccf190	PROVENANCE_BLOCKED	reference-only; no verbatim production shipping without explicit authorization/license
100644	blob	87f7fe4c9c5dde7604020de217b1d49e281e2df6	218	vendor/grok-bot-0.20.0/canonical/dist/renderer/assets/view-sDtzwqZY.js	8bb9f6a093f17189010e5f5231c8694d53ccf190	PROVENANCE_BLOCKED	reference-only; no verbatim production shipping without explicit authorization/license
100644	blob	506c51c1476c2883c618e5e686e5881a40423c8c	25502	vendor/grok-bot-0.20.0/canonical/dist/renderer/assets/wardleyDiagram-EHGQE667-ytwWiUvv.js	8bb9f6a093f17189010e5f5231c8694d53ccf190	PROVENANCE_BLOCKED	reference-only; no verbatim production shipping without explicit authorization/license
100644	blob	23a66786d6e91715f136eb1677ba73843ed0bc89	4192	vendor/grok-bot-0.20.0/canonical/dist/renderer/assets/workday-DI2a8j1o.svg	8bb9f6a093f17189010e5f5231c8694d53ccf190	PROVENANCE_BLOCKED	reference-only; no verbatim production shipping without explicit authorization/license
100644	blob	11ad669ca27686d9ceec62732e503e9007d7a935	429191	vendor/grok-bot-0.20.0/canonical/dist/renderer/assets/xlsx-CNerDvZX.js	8bb9f6a093f17189010e5f5231c8694d53ccf190	PROVENANCE_BLOCKED	reference-only; no verbatim production shipping without explicit authorization/license
100644	blob	d7888e2b88273dcf613421f9526c7ebe7d3ae92c	41934	vendor/grok-bot-0.20.0/canonical/dist/renderer/assets/xychartDiagram-FW5EYKEG-C6FRe860.js	8bb9f6a093f17189010e5f5231c8694d53ccf190	PROVENANCE_BLOCKED	reference-only; no verbatim production shipping without explicit authorization/license
100644	blob	56c1d1dc58af7cc1a3a7c8463f70725855892c94	7115	vendor/grok-bot-0.20.0/canonical/dist/renderer/assets/zoominfo-kXQt8h27.png	8bb9f6a093f17189010e5f5231c8694d53ccf190	PROVENANCE_BLOCKED	reference-only; no verbatim production shipping without explicit authorization/license
100644	blob	3f8f49243bedd2057bc40e6d6f6fd2b19234f580	693	vendor/grok-bot-0.20.0/canonical/dist/renderer/index.html	8bb9f6a093f17189010e5f5231c8694d53ccf190	PROVENANCE_BLOCKED	reference-only; no verbatim production shipping without explicit authorization/license
100644	blob	d7fae6bdca72578007e515a3172f5251463cce18	3331	vendor/grok-bot-0.20.0/canonical/package.json	8bb9f6a093f17189010e5f5231c8694d53ccf190	PROVENANCE_BLOCKED	reference-only; no verbatim production shipping without explicit authorization/license
